"Grupo_Ataque","Ano","Ataques","Mortes","Media"
"14 March Coalition",2008,1,5,5
"1920 Revolution Brigades",2004,1,8,8
"23 May Democratic Alliance (Algeria)",2009,1,1,1
"Aba Cheali Group",2013,1,4,4
"Abdullah Azzam Brigades",2004,3,37,12.3
"Abdullah Azzam Brigades",2005,1,1,1
"Abdullah Azzam Brigades",2011,1,1,1
"Abdullah Azzam Brigades",2012,1,6,6
"Abdullah Azzam Brigades",2013,3,29,9.7
"Abdullah Azzam Brigades",2014,1,6,6
"Abu Sayyaf Group (ASG)",2000,3,7,2.3
"Abu Sayyaf Group (ASG)",2001,2,20,10
"Abu Sayyaf Group (ASG)",2002,3,19,6.3
"Abu Sayyaf Group (ASG)",2004,1,116,116
"Abu Sayyaf Group (ASG)",2005,1,5,5
"Abu Sayyaf Group (ASG)",2008,1,3,3
"Abu Sayyaf Group (ASG)",2009,7,19,2.7
"Abu Sayyaf Group (ASG)",2010,9,31,3.4
"Abu Sayyaf Group (ASG)",2011,3,13,4.3
"Abu Sayyaf Group (ASG)",2012,2,5,2.5
"Abu Sayyaf Group (ASG)",2013,2,8,4
"Abu Sayyaf Group (ASG)",2015,3,5,1.7
"Abu Sayyaf Group (ASG)",2016,1,2,2
"Abu Sayyaf Group (ASG)",2018,1,2,2
"Abu Sayyaf Group (ASG)",2019,2,4,2
"Achik National Cooperative Army (ANCA)",2014,1,2,2
"Achik National Volunteer Council-B (ANVC-B)",2014,1,1,1
"Adan-Abyan Province of the Islamic State",2016,1,16,16
"Adivasi National Liberation Army (ANLA)",2007,1,5,5
"Adivasi National Liberation Army (ANLA)",2008,1,1,1
"Africa Marine Commando",2010,1,5,5
"Africa Marine Commando",2011,1,2,2
"Ahlu-sunah Wal-jamea (Somalia)",2008,1,5,5
"Ahrar Al-Jalil (Free People of the Galilee)",2008,1,4,4
"Ahrar Al-Jalil (Free People of the Galilee)",2010,1,2,2
"Ajnad Misr",2014,5,5,1
"Akhil Terai Mukti Morcha (ATMM)",2008,1,1,1
"Akhil Terai Mukti Morcha (ATMM)",2009,1,1,1
"Akhil Terai Mukti Morcha (ATMM)",2011,2,2,1
"Al-Aqsa Martyrs Brigade",2001,4,13,3.2
"Al-Aqsa Martyrs Brigade",2002,19,74,3.9
"Al-Aqsa Martyrs Brigade",2003,4,13,3.2
"Al-Aqsa Martyrs Brigade",2004,1,3,3
"Al-Aqsa Martyrs Brigade",2005,2,10,5
"Al-Aqsa Martyrs Brigade",2006,2,4,2
"Al-Aqsa Martyrs Brigade",2007,2,4,2
"Al-Aqsa Martyrs Brigade",2008,4,6,1.5
"Al-Aqsa Martyrs Brigade",2009,1,1,1
"Al-Aqsa Martyrs Brigade",2010,1,1,1
"Al-Aqsa Martyrs Brigade",2015,1,4,4
"Al-Aqsa Martyrs Brigade",2016,1,1,1
"Al-Badr",2008,1,2,2
"Al-Fatah",2001,1,1,1
"Al-Fatah",2005,1,1,1
"Al-Fatah",2007,4,10,2.5
"Al-Haramayn Brigades",2004,1,5,5
"Al-Ittihaad al-Islami (AIAI)",2004,1,2,2
"Al-Khobar",2010,2,11,5.5
"Al-Ma'unah",2000,1,2,2
"Al-Madina",2002,1,4,4
"Al-Mansoorian",2003,1,4,4
"Al-Mansoorian",2004,3,18,6
"Al-Mansoorian",2005,2,9,4.5
"Al-Mansoorian",2006,2,18,9
"Al-Mua'qi'oon Biddam Brigade (Those who Sign with Blood)",2013,1,69,69
"Al-Mua'qi'oon Biddam Brigade (Those who Sign with Blood)",2015,1,22,22
"Al-Nasireen Group",2005,1,8,8
"Al-Nusrah Front",2012,1,57,57
"Al-Nusrah Front",2013,2,62,31
"Al-Nusrah Front",2014,14,308,22
"Al-Nusrah Front",2015,3,17,5.7
"Al-Nusrah Front",2017,1,1,1
"Al-Qaida",2000,1,19,19
"Al-Qaida",2001,4,3004,751
"Al-Qaida",2002,7,68,9.7
"Al-Qaida",2004,5,192,38.4
"Al-Qaida",2005,5,64,12.8
"Al-Qaida",2006,1,11,11
"Al-Qaida",2007,2,45,22.5
"Al-Qaida",2008,2,7,3.5
"Al-Qaida",2011,1,1,1
"Al-Qaida in Iraq",2005,12,172,14.3
"Al-Qaida in Iraq",2006,2,3,1.5
"Al-Qaida in Iraq",2007,8,536,67
"Al-Qaida in Iraq",2008,25,239,9.6
"Al-Qaida in Iraq",2009,19,258,13.6
"Al-Qaida in Iraq",2010,31,222,7.2
"Al-Qaida in Iraq",2011,23,244,10.6
"Al-Qaida in Iraq",2012,50,239,4.8
"Al-Qaida in Iraq",2013,20,164,8.2
"Al-Qaida in Saudi Arabia",2003,4,51,12.8
"Al-Qaida in Saudi Arabia",2004,2,18,9
"Al-Qaida in the Arabian Peninsula (AQAP)",2004,2,31,15.5
"Al-Qaida in the Arabian Peninsula (AQAP)",2009,2,6,3
"Al-Qaida in the Arabian Peninsula (AQAP)",2010,37,178,4.8
"Al-Qaida in the Arabian Peninsula (AQAP)",2011,53,390,7.4
"Al-Qaida in the Arabian Peninsula (AQAP)",2012,10,57,5.7
"Al-Qaida in the Arabian Peninsula (AQAP)",2013,7,94,13.4
"Al-Qaida in the Arabian Peninsula (AQAP)",2014,12,91,7.6
"Al-Qaida in the Arabian Peninsula (AQAP)",2015,2,13,6.5
"Al-Qaida in the Arabian Peninsula (AQAP)",2016,4,25,6.2
"Al-Qaida in the Arabian Peninsula (AQAP)",2017,2,29,14.5
"Al-Qaida in the Arabian Peninsula (AQAP)",2018,1,13,13
"Al-Qaida in the Arabian Peninsula (AQAP)",2019,1,4,4
"Al-Qaida in the Indian Subcontinent",2015,2,2,1
"Al-Qaida in the Indian Subcontinent",2016,2,3,1.5
"Al-Qaida in the Islamic Maghreb (AQIM)",2007,19,69,3.6
"Al-Qaida in the Islamic Maghreb (AQIM)",2008,27,137,5.1
"Al-Qaida in the Islamic Maghreb (AQIM)",2009,19,142,7.5
"Al-Qaida in the Islamic Maghreb (AQIM)",2010,9,16,1.8
"Al-Qaida in the Islamic Maghreb (AQIM)",2011,9,45,5
"Al-Qaida in the Islamic Maghreb (AQIM)",2012,1,1,1
"Al-Qaida in the Islamic Maghreb (AQIM)",2014,1,4,4
"Al-Qaida in the Islamic Maghreb (AQIM)",2015,1,3,3
"Al-Qaida in the Islamic Maghreb (AQIM)",2016,4,38,9.5
"Al-Qaida in Yemen",2008,3,18,6
"Al-Qaida in Yemen",2009,2,8,4
"Al-Qaida Kurdish Battalions (AQKB)",2010,1,1,1
"Al-Shabaab",2007,3,109,36.3
"Al-Shabaab",2008,16,120,7.5
"Al-Shabaab",2009,33,254,7.7
"Al-Shabaab",2010,36,205,5.7
"Al-Shabaab",2011,59,264,4.5
"Al-Shabaab",2012,15,53,3.5
"Al-Shabaab",2013,14,173,12.4
"Al-Shabaab",2014,13,24,1.8
"Al-Shabaab",2015,6,203,33.8
"Al-Shabaab",2016,18,89,4.9
"Al-Shabaab",2017,33,742,22.5
"Al-Shabaab",2018,14,63,4.5
"Al-Shabaab",2019,8,40,5
"Al-Shabaab al-Mu'minin",2009,1,3,3
"Al-Shabaab al-Mu'minin",2010,1,3,3
"Al-Shuda Brigade",2003,1,8,8
"Al-Shuda Brigade",2013,1,7,7
"Al-Ummah",1998,12,36,3
"Al-Yakin Mujahidin",2016,3,16,5.3
"Al-Zintan Revolutionaries' Military Council",2014,1,21,21
"Albanian extremists",1999,1,2,2
"Albanian extremists",2000,1,3,3
"Albanian extremists",2001,2,4,2
"Algerian Islamic Extremists",1998,14,51,3.6
"Algerian Islamic Extremists",1999,2,6,3
"Algerian Islamic Extremists",2000,17,80,4.7
"Algerian Islamic Extremists",2001,8,45,5.6
"Algerian Islamic Extremists",2002,23,79,3.4
"Algerian Islamic Extremists",2003,14,22,1.6
"Algerian Islamic Extremists",2004,15,30,2
"Algerian Islamic Extremists",2005,23,38,1.7
"Algerian Islamic Extremists",2006,20,38,1.9
"Algerian Islamic Extremists",2007,5,7,1.4
"Algerian Islamic Extremists",2008,15,29,1.9
"Algerian Moslem Fundamentalists",2000,2,25,12.5
"All Burma Students' Democratic Front (ABSDF)",2009,1,1,1
"All India Anna Dravida Munetra Kazgan Party",2009,1,1,1
"All Tripura Tiger Force (ATTF)",2003,1,19,19
"Allied Democratic Forces (ADF)",1998,1,16,16
"Allied Democratic Forces (ADF)",1999,3,8,2.7
"Allied Democratic Forces (ADF)",2000,2,12,6
"Allied Democratic Forces (ADF)",2001,2,14,7
"Allied Democratic Forces (ADF)",2008,1,1,1
"Allied Democratic Forces (ADF)",2010,1,16,16
"Allied Democratic Forces (ADF)",2014,4,97,24.2
"Allied Democratic Forces (ADF)",2016,2,76,38
"Allied Democratic Forces (ADF)",2018,1,11,11
"Allied Democratic Forces (ADF)",2019,2,20,10
"Allied Democratic Forces of Guinea (RDFG)",2000,1,30,30
"Amal",2008,1,6,6
"Ambazonia Tigers",2018,1,2,2
"American Indian Movement",1973,1,2,2
"Americans for a Competent Federal Judicial System",1989,1,1,1
"Ananda Marga",1975,1,4,4
"Anarchists",2018,1,1,1
"Angola Rebels",2001,1,7,7
"Ansar Al Sunnah (Palestine)",2010,1,1,1
"Ansar al-Dine (Mali)",2012,1,2,2
"Ansar al-Dine (Mali)",2013,1,7,7
"Ansar al-Islam",2003,2,9,4.5
"Ansar al-Islam",2007,4,7,1.8
"Ansar al-Islam",2008,1,2,2
"Ansar al-Islam",2009,1,1,1
"Ansar al-Sharia (Libya)",2012,2,4,2
"Ansar al-Sharia (Libya)",2014,1,19,19
"Ansar al-Sharia (Pakistan)",2017,2,3,1.5
"Ansar al-Sharia (Tunisia)",2012,1,4,4
"Ansar al-Sharia (Tunisia)",2013,1,1,1
"Ansar al-Sharia Operations Room (Syria)",2015,4,4,1
"Ansar al-Sunna",2005,1,5,5
"Ansar al-Sunna (Mozambique)",2017,3,16,5.3
"Ansar Bayt al-Maqdis (Ansar Jerusalem)",2011,3,17,5.7
"Ansar Bayt al-Maqdis (Ansar Jerusalem)",2012,1,4,4
"Ansar Bayt al-Maqdis (Ansar Jerusalem)",2013,2,5,2.5
"Ansar Bayt al-Maqdis (Ansar Jerusalem)",2014,4,9,2.2
"Ansar Ghazwat-ul-Hind",2018,1,1,1
"Ansar Wa Mohajir (Pakistan)",2008,1,1,1
"Ansaru (Jama'atu Ansarul Muslimina Fi Biladis Sudan)",2012,1,2,2
"Ansaru (Jama'atu Ansarul Muslimina Fi Biladis Sudan)",2013,1,8,8
"Ansaru ash-Sharia (Russia)",2013,1,1,1
"Ansarul Islam (Pakistan)",2010,1,31,31
"Ansarul Islam (Pakistan)",2011,1,1,1
"Ansarullah Bangla Team",2013,1,1,1
"Ansarullah Bangla Team",2014,1,1,1
"Ansarullah Bangla Team",2015,2,2,1
"Anti-Abortion extremists",1994,2,2,1
"Anti-Abortion extremists",2009,1,1,1
"Anti-Abortion extremists",2015,1,3,3
"Anti-Balaka Militia",2013,1,12,12
"Anti-Balaka Militia",2014,4,72,18
"Anti-Balaka Militia",2015,2,4,2
"Anti-Balaka Militia",2017,1,108,108
"Anti-Communist Viets Organization",1981,1,1,1
"Anti-Fascist Activists",2019,1,1,1
"Anti-feminist extremists",1989,1,15,15
"Anti-Government extremists",2000,1,2,2
"Anti-Government extremists",2010,2,3,1.5
"Anti-Government extremists",2013,1,1,1
"Anti-Government extremists",2014,2,4,2
"Anti-Government extremists",2015,1,3,3
"Anti-Government extremists",2019,1,1,1
"Anti-Government Group",2010,1,2,2
"Anti-Government Guerrillas",2005,2,15,7.5
"Anti-Immigrant extremists",2001,1,1,1
"Anti-Immigrant extremists",2015,1,4,4
"Anti-Immigrant extremists",2016,1,10,10
"Anti-Israeli extremists",1978,1,16,16
"Anti-Liberal extremists",2008,1,2,2
"Anti-Muslim extremists",2015,1,3,3
"Anti-Muslim extremists",2017,2,3,1.5
"Anti-Muslim extremists",2019,2,51,25.5
"Anti-Police extremists",2013,1,1,1
"Anti-Police extremists",2014,1,2,2
"Anti-Police extremists",2016,3,7,2.3
"Anti-Police extremists",2017,2,4,2
"Anti-Police extremists",2019,1,2,2
"Anti-Republican extremists",2017,1,1,1
"Anti-Semitic extremists",2009,1,1,1
"Anti-Semitic extremists",2016,1,1,1
"Anti-Semitic extremists",2018,1,11,11
"Anti-Semitic extremists",2019,4,8,2
"Anti-Technology extremists",1985,1,1,1
"Anti-White extremists",2000,3,3,1
"Anti-White extremists",2016,1,6,6
"Arab People's Group",2011,1,3,3
"Arab Socialist Baath Party of Iraq",2011,1,27,27
"Arab-Israeli extremists",2017,2,6,3
"Arakan Army (AA)",2018,1,1,1
"Arakan Rohingya Salvation Army (ARSA)",2017,29,96,3.3
"Armed Commandos of Liberation",1971,1,3,3
"Armed Forces of the Chechen Republic of Ichkeria",2005,1,10,10
"Armed Forces Revolutionary Council (AFRC)",1999,1,10,10
"Armed Islamic Group (GIA)",1998,4,68,17
"Armed Islamic Group (GIA)",1999,5,54,10.8
"Armed Islamic Group (GIA)",2000,10,41,4.1
"Armed Islamic Group (GIA)",2001,13,78,6
"Armed Islamic Group (GIA)",2002,17,126,7.4
"Armed Islamic Group (GIA)",2003,5,31,6.2
"Armed Islamic Group (GIA)",2004,2,8,4
"Armed Islamic Group (GIA)",2005,2,6,3
"Armed Islamic Group (GIA)",2006,1,2,2
"Armed People",2001,1,1,1
"Armed Vanguards of a Second Mohammed Army",2003,1,24,24
"Army of God",1996,1,1,1
"Army of Islam",2011,1,23,23
"Asbat al-Ansar",2010,1,2,2
"Awami League",1981,1,6,6
"Awami League",2017,1,1,1
"Babbar Khalsa International (BKI)",2017,1,7,7
"Baloch Liberation Army (BLA)",2005,1,2,2
"Baloch Liberation Army (BLA)",2006,1,1,1
"Baloch Liberation Army (BLA)",2008,9,18,2
"Baloch Liberation Army (BLA)",2009,4,29,7.2
"Baloch Liberation Army (BLA)",2010,4,12,3
"Baloch Liberation Army (BLA)",2011,5,24,4.8
"Baloch Liberation Army (BLA)",2012,5,32,6.4
"Baloch Liberation Army (BLA)",2013,2,15,7.5
"Baloch Liberation Army (BLA)",2015,1,3,3
"Baloch Liberation Army (BLA)",2016,1,2,2
"Baloch Liberation Army (BLA)",2018,2,8,4
"Baloch Liberation Army (BLA)",2019,2,11,5.5
"Baloch Liberation Front (BLF)",2009,4,8,2
"Baloch Liberation Front (BLF)",2010,1,1,1
"Baloch Liberation Front (BLF)",2011,1,5,5
"Baloch Liberation Front (BLF)",2012,1,7,7
"Baloch Liberation Front (BLF)",2013,1,2,2
"Baloch Liberation Front (BLF)",2018,1,1,1
"Baloch Liberation Tigers (BLT)",2011,1,11,11
"Baloch Liberation Tigers (BLT)",2013,2,3,1.5
"Baloch Mussalah Diffah Tanzim (BMDT)",2011,1,1,1
"Baloch Nationalists",2006,1,1,1
"Baloch Republican Army (BRA)",2008,3,5,1.7
"Baloch Republican Army (BRA)",2009,3,6,2
"Baloch Republican Army (BRA)",2011,3,19,6.3
"Baloch Republican Army (BRA)",2012,2,7,3.5
"Baloch Republican Army (BRA)",2014,1,1,1
"Balochistan Liberation United Front (BLUF)",2009,4,9,2.2
"Balochistan Liberation United Front (BLUF)",2010,1,1,1
"Balochistan National Army",2004,1,11,11
"Bandits",2000,1,12,12
"Bandits",2002,1,1,1
"Bangladesh Nationalist Party (BNP)",2009,1,1,1
"Bangladesh Nationalist Party (BNP)",2015,1,2,2
"Bangladesh Sarbahara Party",2001,1,1,1
"Bangsamoro Islamic Freedom Movement (BIFM)",2012,3,3,1
"Bangsamoro Islamic Freedom Movement (BIFM)",2013,6,25,4.2
"Bangsamoro Islamic Freedom Movement (BIFM)",2014,6,23,3.8
"Bangsamoro Islamic Freedom Movement (BIFM)",2016,3,13,4.3
"Bangsamoro Islamic Freedom Movement (BIFM)",2017,2,3,1.5
"Bangsamoro Islamic Freedom Movement (BIFM)",2018,2,6,3
"Bangsamoro Islamic Freedom Movement (BIFM)",2019,4,5,1.2
"Barisan Revolusi Nasional (BRN)",2005,1,1,1
"Barisan Revolusi Nasional (BRN)",2007,1,3,3
"Barisan Revolusi Nasional (BRN)",2012,1,1,1
"Barisan Revolusi Nasional (BRN)",2013,3,7,2.3
"Barisan Revolusi Nasional (BRN)",2017,1,4,4
"Barisan Revolusi Nasional (BRN)",2018,1,2,2
"Barqa Province of the Islamic State",2015,4,11,2.8
"Basque Fatherland and Freedom (ETA)",1986,1,2,2
"Basque Fatherland and Freedom (ETA)",1998,1,1,1
"Basque Fatherland and Freedom (ETA)",2000,6,15,2.5
"Basque Fatherland and Freedom (ETA)",2001,5,6,1.2
"Basque Fatherland and Freedom (ETA)",2002,1,1,1
"Basque Fatherland and Freedom (ETA)",2008,3,3,1
"Basque Fatherland and Freedom (ETA)",2009,2,3,1.5
"Benghazi Defense Brigades (BDB)",2018,2,5,2.5
"Besi Merah Putih Militia",1999,1,1,1
"Black Liberation Army",1971,1,1,1
"Black Muslims",1973,2,9,4.5
"Black Muslims",1974,1,1,1
"Black Nationalists",1970,7,8,1.1
"Black Nationalists",1971,1,2,2
"Black Panthers",1970,2,2,1
"Black Panthers",1972,1,1,1
"Black Widows",2008,2,11,5.5
"Black Widows",2009,5,36,7.2
"Bodo Liberation Tigers (BLT)",2008,2,3,1.5
"Bodo People's Front (BPF)",2009,1,1,1
"Boko Haram",2009,4,304,76
"Boko Haram",2010,15,72,4.8
"Boko Haram",2011,74,233,3.1
"Boko Haram",2012,25,216,8.6
"Boko Haram",2013,12,177,14.8
"Boko Haram",2014,15,744,49.6
"Boko Haram",2015,5,72,14.4
"Boko Haram",2016,5,7,1.4
"Boko Haram",2017,2,16,8
"Boko Haram",2018,2,16,8
"Boko Haram",2019,8,58,7.2
"Breton Liberation Front (FLB)",2000,1,1,1
"Caucasus Emirate",2008,5,10,2
"Caucasus Emirate",2009,6,31,5.2
"Caucasus Emirate",2010,5,47,9.4
"Caucasus Emirate",2011,4,44,11
"Caucasus Emirate",2013,4,42,10.5
"Caucasus Emirate",2014,3,28,9.3
"Central Africa Province of the Islamic State",2019,1,16,16
"Chechen Rebels",1999,5,179,35.8
"Chechen Rebels",2000,29,152,5.2
"Chechen Rebels",2001,14,48,3.4
"Chechen Rebels",2002,7,86,12.3
"Chechen Rebels",2003,13,163,12.5
"Chechen Rebels",2004,5,46,9.2
"Chechen Rebels",2005,1,6,6
"Chechen Rebels",2007,1,5,5
"Chechen Rebels",2008,3,7,2.3
"Chicano Liberation Front",1974,1,1,1
"Christian extremists",2005,1,3,3
"Christian extremists",2015,1,1,1
"Citizen's Rights Protection Volunteers",2009,1,3,3
"Civil Association for Peace in Colombia, Asocipaz",2001,1,9,9
"Civil Defense Force (CDF)",2000,1,21,21
"Civilian Defense",2012,1,1,1
"Colonel Karuna Faction",2005,2,6,3
"Colonel Karuna Faction",2006,1,7,7
"Communist Party of India - Maoist (CPI-Maoist)",2005,4,21,5.2
"Communist Party of India - Maoist (CPI-Maoist)",2006,2,17,8.5
"Communist Party of India - Maoist (CPI-Maoist)",2008,69,163,2.4
"Communist Party of India - Maoist (CPI-Maoist)",2009,163,499,3.1
"Communist Party of India - Maoist (CPI-Maoist)",2010,254,712,2.8
"Communist Party of India - Maoist (CPI-Maoist)",2011,164,313,1.9
"Communist Party of India - Maoist (CPI-Maoist)",2012,3,6,2
"Communist Party of India - Maoist (CPI-Maoist)",2013,7,21,3
"Communist Party of India - Maoist (CPI-Maoist)",2014,1,1,1
"Communist Party of India - Maoist (CPI-Maoist)",2015,6,8,1.3
"Communist Party of India - Maoist (CPI-Maoist)",2016,6,18,3
"Communist Party of India - Maoist (CPI-Maoist)",2017,4,45,11.2
"Communist Party of India - Maoist (CPI-Maoist)",2018,6,8,1.3
"Communist Party of India - Maoist (CPI-Maoist)",2019,8,28,3.5
"Communist Party of India- Marxist-Leninist",2009,2,10,5
"Communist Party of Nepal - Maoist (CPN-Maoist-Chand)",2017,1,1,1
"Communist Party of Nepal - Maoist (CPN-Maoist-Chand)",2019,1,1,1
"Communist Party of Nepal- Maoist (CPN-M)",2000,2,19,9.5
"Communist Party of Nepal- Maoist (CPN-M)",2001,3,68,22.7
"Communist Party of Nepal- Maoist (CPN-M)",2004,1,518,518
"Communist Party of Nepal-Maoist (Baidya)",2013,2,2,1
"Communists",2017,1,1,1
"Congolese Patriotic Resistence-Patriotic Armed Forces (Pareco/FAP)",2009,1,1,1
"Conspiracy theory extremists",2019,1,1,1
"Continuity Irish Republican Army (CIRA)",2001,1,1,1
"Continuity Irish Republican Army (CIRA)",2007,1,2,2
"Continuity Irish Republican Army (CIRA)",2009,1,1,1
"Continuity Irish Republican Army (CIRA)",2016,1,1,1
"Convention of Patriots for Justice and Peace",2009,1,9,9
"Convention of Patriots for Justice and Peace",2011,1,27,27
"Covenant, Sword and the Arm of the Lord (CSA)",1983,1,1,1
"Dagestani Shari'ah Jamaat",2008,1,1,1
"David Yau Yau Militia",2013,1,103,103
"Dayak gang",2001,1,8,8
"Death Squad",2001,2,25,12.5
"Deccan Mujahideen",2008,6,174,29
"Democratic Front for the Liberation of Palestine (DFLP)",2003,1,1,1
"Democratic Front for the Liberation of Palestine (DFLP)",2011,2,2,1
"Democratic Front for the Liberation of Rwanda (FDLR)",2007,1,3,3
"Democratic Front for the Liberation of Rwanda (FDLR)",2008,2,18,9
"Democratic Front for the Liberation of Rwanda (FDLR)",2009,15,165,11
"Democratic Front for the Liberation of Rwanda (FDLR)",2010,1,1,1
"Democratic Front for the Liberation of Rwanda (FDLR)",2019,1,8,8
"Devrimici Halk Kurtulus Cephesi (DHKP/C)",2000,1,1,1
"Devrimici Halk Kurtulus Cephesi (DHKP/C)",2012,1,1,1
"Devrimici Halk Kurtulus Cephesi (DHKP/C)",2013,1,2,2
"Devrimici Halk Kurtulus Cephesi (DHKP/C)",2015,1,2,2
"Dima Halao Daoga (DHD)",2008,4,9,2.2
"Dima Halao Daoga (DHD)",2009,5,10,2
"Diyala Salvation Council",2007,1,15,15
"Donetsk People's Republic",2014,4,56,14
"Draa El Mizan Seriat",2002,2,5,2.5
"East Asia Division of the Islamic State",2018,1,3,3
"Eastern Turkistan Islamic Movement (ETIM)",2008,4,25,6.2
"Farmer's Movement of the Philippines (KMP)",2008,1,1,1
"Fatah al-Islam",2008,1,1,1
"Fezzan Province of the Islamic State",2019,3,24,8
"First of October Antifascist Resistance Group (GRAPO)",2000,1,1,1
"Forces for the Defense of Democracy (FDD)",2001,2,6,3
"Forest Brothers",2008,1,2,2
"Free Aceh Movement (GAM)",1999,1,2,2
"Free Aceh Movement (GAM)",2000,5,10,2
"Free Aceh Movement (GAM)",2001,1,2,2
"Free Aceh Movement (GAM)",2002,1,2,2
"Free Libya Martyrs Brigade",2015,1,12,12
"Free Papua Movement (OPM-Organisasi Papua Merdeka)",2006,1,4,4
"Free Papua Movement (OPM-Organisasi Papua Merdeka)",2011,1,2,2
"Free Papua Movement (OPM-Organisasi Papua Merdeka)",2013,1,11,11
"Free Papua Movement (OPM-Organisasi Papua Merdeka)",2018,2,20,10
"Free Syrian Army",2011,1,10,10
"Free Syrian Army",2012,1,3,3
"Free Syrian Army",2014,1,37,37
"Front for the Liberation of the Enclave of Cabinda (FLEC)",2000,1,1,1
"Front for the Liberation of the Enclave of Cabinda (FLEC)",2010,2,4,2
"Fulani extremists",2002,1,14,14
"Fulani extremists",2010,2,13,6.5
"Fulani extremists",2013,4,37,9.2
"Fulani extremists",2014,3,100,33.3
"Fulani extremists",2016,3,9,3
"Fulani extremists",2018,7,41,5.9
"Fulani extremists",2019,2,43,21.5
"Future movement (Lebanon)",2008,1,2,2
"Garo National Liberation Army",2010,2,2,1
"Garo National Liberation Army",2011,6,15,2.5
"Garo National Liberation Army",2012,1,1,1
"Garo National Liberation Army",2013,6,8,1.3
"Garo National Liberation Army",2014,1,1,1
"Garo National Liberation Army",2015,1,2,2
"Garo National Liberation Army",2017,1,1,1
"Georgian Militants",2001,1,4,4
"Golden Dawn",2013,2,2,1
"Gono Bahini (GB)",2009,2,4,2
"Great Eastern Islamic Raiders Front (IBDA-C)",2003,1,11,11
"Gulf Cartel",2008,1,8,8
"Gunmen",2000,10,26,2.6
"Gunmen",2001,6,19,3.2
"Gunmen",2002,11,56,5.1
"Gunmen",2008,1,16,16
"Gunmen",2009,2,3,1.5
"Gunmen",2011,23,36,1.6
"Habi's Er'roub seriat",2001,1,7,7
"Hafiz Gul Bahadur Group",2014,1,4,4
"Haftar Militia",2014,3,19,6.3
"Halqa-e-Mehsud",2016,1,1,1
"Hamas (Islamic Resistance Movement)",1997,1,4,4
"Hamas (Islamic Resistance Movement)",1998,2,5,2.5
"Hamas (Islamic Resistance Movement)",2001,13,79,6.1
"Hamas (Islamic Resistance Movement)",2002,8,93,11.6
"Hamas (Islamic Resistance Movement)",2003,6,29,4.8
"Hamas (Islamic Resistance Movement)",2004,4,20,5
"Hamas (Islamic Resistance Movement)",2006,1,6,6
"Hamas (Islamic Resistance Movement)",2007,15,49,3.3
"Hamas (Islamic Resistance Movement)",2008,2,2,1
"Hamas (Islamic Resistance Movement)",2014,4,14,3.5
"Hamas (Islamic Resistance Movement)",2015,1,1,1
"Hamas (Islamic Resistance Movement)",2018,2,4,2
"Hamas (Islamic Resistance Movement)",2019,2,5,2.5
"Hanafi Muslims",1977,1,2,2
"Haqqani Network",2008,4,73,18.2
"Haqqani Network",2009,2,24,12
"Haqqani Network",2010,14,98,7
"Haqqani Network",2011,8,134,16.8
"Haqqani Network",2012,11,27,2.5
"Harakat ul-Mujahidin (HuM)",1999,1,1,1
"Harakat ul-Mujahidin Al-Almi",2002,1,3,3
"Harkat ul Ansar",1998,1,23,23
"Harkatul Jihad-e-Islami",1999,1,8,8
"Harkatul Jihad-e-Islami",2001,1,9,9
"Harkatul Jihad-e-Islami",2002,1,5,5
"Harkatul Jihad-e-Islami",2004,1,23,23
"Harkatul Jihad-e-Islami",2007,1,13,13
"Harkatul Jihad-e-Islami",2008,3,3,1
"Harkatul Jihad-e-Islami",2011,1,15,15
"Hasam Movement",2017,2,7,3.5
"Hasam Movement",2018,1,2,2
"Hawaiian extremists",1979,1,1,1
"Hay'at Tahrir al-Sham",2017,6,94,15.7
"Hay'at Tahrir al-Sham",2018,1,1,1
"Hezbollah",1988,1,2,2
"Hezbollah",1998,1,1,1
"Hezbollah",1999,5,7,1.4
"Hezbollah",2000,4,4,1
"Hezbollah",2003,1,1,1
"Hezbollah",2008,4,56,14
"Hezbollah",2012,3,9,3
"Hezbollah",2015,1,2,2
"Hezbollah Palestine",2001,1,2,2
"High Council of the Islamic Emirate",2019,1,4,4
"Hijaz Province of the Islamic State",2015,1,16,16
"Hijaz Province of the Islamic State",2016,2,6,3
"Hill Tiger Force (HTF)",2011,1,1,1
"Hindu extremists",2017,1,1,1
"Hizb-I-Islami",2007,1,1,1
"Hizb-I-Islami",2008,2,3,1.5
"Hizb-I-Islami",2012,1,13,13
"Hizb-I-Islami",2013,1,16,16
"Hizb-ul-Ahrar (HuA)",2019,1,1,1
"Hizbul al Islam (Somalia)",2010,6,44,7.3
"Hizbul Mujahideen (HM)",1999,2,2,1
"Hizbul Mujahideen (HM)",2000,6,22,3.7
"Hizbul Mujahideen (HM)",2001,2,7,3.5
"Hizbul Mujahideen (HM)",2002,2,5,2.5
"Hizbul Mujahideen (HM)",2004,2,31,15.5
"Hizbul Mujahideen (HM)",2006,1,2,2
"Hizbul Mujahideen (HM)",2007,1,1,1
"Hizbul Mujahideen (HM)",2008,3,5,1.7
"Hizbul Mujahideen (HM)",2009,4,5,1.2
"Hizbul Mujahideen (HM)",2010,1,1,1
"Hizbul Mujahideen (HM)",2011,1,1,1
"Hizbul Mujahideen (HM)",2012,3,3,1
"Hizbul Mujahideen (HM)",2013,5,14,2.8
"Hizbul Mujahideen (HM)",2014,1,3,3
"Hizbul Mujahideen (HM)",2017,3,5,1.7
"Hizbul Mujahideen (HM)",2018,1,1,1
"Hizbul Mujahideen (HM)",2019,1,1,1
"Houthi extremists (Ansar Allah)",2009,3,19,6.3
"Houthi extremists (Ansar Allah)",2010,6,117,19.5
"Houthi extremists (Ansar Allah)",2013,3,6,2
"Houthi extremists (Ansar Allah)",2015,5,8,1.6
"Houthi extremists (Ansar Allah)",2016,5,18,3.6
"Houthi extremists (Ansar Allah)",2017,2,7,3.5
"Houthi extremists (Ansar Allah)",2018,7,22,3.1
"Houthi extremists (Ansar Allah)",2019,3,13,4.3
"Hutu extremists",1998,1,14,14
"Hutu extremists",1999,2,19,9.5
"Hutu extremists",2000,2,9,4.5
"Hutu extremists",2001,1,24,24
"Hutu extremists",2010,3,3,1
"Hutus Former Soldiers",2000,2,10,5
"Hutus Former Soldiers",2001,1,11,11
"Hynniewtrep National Liberation Council (HNLC)",2008,1,1,1
"Ijaw extremists",1999,1,7,7
"Imam Hussein Brigade",2005,1,1,1
"Imam Shamil Battalion",2017,1,16,16
"Incel extremists",2009,1,4,4
"Incel extremists",2014,2,7,3.5
"Incel extremists",2015,1,10,10
"Incel extremists",2018,2,13,6.5
"Indian Mujahideen",2008,20,80,4
"Indian Mujahideen",2010,2,19,9.5
"Indian Mujahideen",2011,3,26,8.7
"Indian Mujahideen",2013,7,7,1
"Inkatha Freedom Party (IFP)",1995,1,14,14
"Insurgents",2011,3,6,2
"Iranian extremists",1991,1,2,2
"Iraqi extremists",2004,1,14,14
"Iraqi extremists",2005,1,2,2
"Iraqi extremists",2010,1,1,1
"Iraqi Sunni Extremists",2009,1,6,6
"Irish Republican Army (IRA)",2006,1,1,1
"Islamic Army in Iraq (al-Jaish al-Islami fi al-Iraq)",2009,1,1,1
"Islamic Courts Union (ICU)",2008,1,4,4
"Islamic Front",2002,1,10,10
"Islamic Front (Syria)",2014,3,51,17
"Islamic Front (Syria)",2015,8,19,2.4
"Islamic Jihad Union (Uzbekistan)",2009,2,3,1.5
"Islamic Movement of Kashmir",2012,1,1,1
"Islamic Movement of Uzbekistan (IMU)",2010,1,4,4
"Islamic Movement of Uzbekistan (IMU)",2011,1,20,20
"Islamic Party (Somalia)",2009,1,3,3
"Islamic Shashantantra Andolon (ISA)",2002,2,3,1.5
"Islamic State in Bangladesh",2016,6,33,5.5
"Islamic State in Egypt",2017,5,45,9
"Islamic State in the Greater Sahara (ISGS)",2016,1,1,1
"Islamic State in the Greater Sahara (ISGS)",2018,1,1,1
"Islamic State of Iraq (ISI)",2007,6,45,7.5
"Islamic State of Iraq (ISI)",2008,15,225,15
"Islamic State of Iraq (ISI)",2009,46,803,17.5
"Islamic State of Iraq (ISI)",2010,31,416,13.4
"Islamic State of Iraq (ISI)",2011,4,63,15.8
"Islamic State of Iraq and the Levant (ISIL)",2013,52,364,7
"Islamic State of Iraq and the Levant (ISIL)",2014,42,360,8.6
"Islamic State of Iraq and the Levant (ISIL)",2015,27,470,17.4
"Islamic State of Iraq and the Levant (ISIL)",2016,53,904,17.1
"Islamic State of Iraq and the Levant (ISIL)",2017,29,720,24.8
"Islamic State of Iraq and the Levant (ISIL)",2018,10,51,5.1
"Islamic State of Iraq and the Levant (ISIL)",2019,21,358,17
"Islamic Unification Movement",2013,1,23,23
"Islamist extremists",1999,2,7,3.5
"Islamist extremists",2000,1,6,6
"Islamist extremists",2009,2,3,1.5
"Islamist extremists",2010,1,5,5
"Islamist extremists",2011,1,2,2
"Israeli extremists",1999,2,3,1.5
"Israeli settlers",2014,1,1,1
"Jaish al-Adl",2013,2,17,8.5
"Jaish al-Adl",2014,1,1,1
"Jaish al-Fatah (Syria)",2016,1,6,6
"Jaish al-Ta'ifa al-Mansura",2005,1,3,3
"Jaish-e-Islam",2012,1,4,4
"Jaish-e-Islam",2013,1,6,6
"Jaish-e-Islam",2015,1,3,3
"Jaish-e-Mohammad (JeM)",2000,1,1,1
"Jaish-e-Mohammad (JeM)",2001,1,31,31
"Jaish-e-Mohammad (JeM)",2006,1,1,1
"Jaish-e-Mohammad (JeM)",2017,3,23,7.7
"Jaish-e-Mohammad (JeM)",2018,4,16,4
"Jama'atul Mujahideen Bangladesh (JMB)",2004,1,1,1
"Jama'atul Mujahideen Bangladesh (JMB)",2005,5,21,4.2
"Jama'atul Mujahideen Bangladesh (JMB)",2010,1,1,1
"Jama'atul Mujahideen Bangladesh (JMB)",2014,1,1,1
"Jama'atul Mujahideen Bangladesh (JMB)",2015,1,2,2
"Jama'atul Mujahideen Bangladesh (JMB)",2017,1,1,1
"Jama'atul Mujahideen Bangladesh (JMB)",2018,1,1,1
"Jamaah Ansharut Daulah",2017,1,1,1
"Jamaah Ansharut Daulah",2018,5,30,6
"Jamaah Ansharut Daulah",2019,1,1,1
"Jamaah Ansharut Tauhid (JAT)",2011,2,2,1
"Jamaat Nusrat al-Islam wal Muslimin (JNIM)",2017,3,14,4.7
"Jamaat Nusrat al-Islam wal Muslimin (JNIM)",2018,6,39,6.5
"Jamaat Nusrat al-Islam wal Muslimin (JNIM)",2019,1,1,1
"Jamaat-al-Fuqra",1990,1,1,1
"Jamaat-E-Islami (Bangladesh)",2000,1,8,8
"Jamaat-E-Islami (Bangladesh)",2001,1,2,2
"Jamaat-E-Islami (Bangladesh)",2010,1,3,3
"Jamaat-E-Islami (Bangladesh)",2015,8,26,3.2
"Jamaat-E-Islami (Bangladesh)",2016,1,1,1
"Jamaat-ul-Ahrar",2014,3,8,2.7
"Jamaat-ul-Ahrar",2015,1,9,9
"Jamiat ul-Mujahedin (JuM)",2002,1,12,12
"Jamiat ul-Mujahedin (JuM)",2013,2,3,1.5
"Janatantrik Terai Madhesh Mukti Morcha (JTMMM)",2011,1,2,2
"Janatantrik Terai Mukti Morcha (JTMM)",2010,2,2,1
"Janatantrik Terai Mukti Morcha- Goit (JTMM-G)",2007,2,2,1
"Janatantrik Terai Mukti Morcha- Jwala Singh (JTMM-J)",2007,4,9,2.2
"Janatantrik Terai Mukti Morcha- Jwala Singh (JTMM-J)",2008,2,2,1
"Janatantrik Terai Mukti Morcha- Jwala Singh (JTMM-J)",2009,2,2,1
"Janatantrik Terai Mukti Morcha- Rajan Mukti (JTMM-R)",2008,2,9,4.5
"Janjaweed",2008,1,1,1
"Jaysh al-Islam (Syria)",2015,1,45,45
"Jemaah Islamiya (JI)",2002,2,202,101
"Jemaah Islamiya (JI)",2003,1,15,15
"Jemaah Islamiya (JI)",2004,1,10,10
"Jemaah Islamiya (JI)",2005,2,25,12.5
"Jemaah Islamiya (JI)",2007,2,3,1.5
"Jemaah Islamiya (JI)",2009,2,9,4.5
"Jerusalem Groups Hebrew (Qvutzot Yerushalayim)",2002,1,3,3
"Jewish Fighting Organization (Eyal)",1995,1,1,1
"Jharkhand Liberation Tigers (JLT)",2008,1,5,5
"Jharkhand Liberation Tigers (JLT)",2011,1,3,3
"Jharkhand Prastuti Committee (JPC)",2016,1,2,2
"Jihadi Movement of the Sunna People of Iran",2008,1,12,12
"Jihadi-inspired extremists",2002,1,1,1
"Jihadi-inspired extremists",2009,2,14,7
"Jihadi-inspired extremists",2011,1,2,2
"Jihadi-inspired extremists",2014,3,4,1.3
"Jihadi-inspired extremists",2015,4,9,2.2
"Jihadi-inspired extremists",2016,12,162,13.5
"Jihadi-inspired extremists",2017,10,37,3.7
"Jihadi-inspired extremists",2018,11,27,2.5
"Jihadi-inspired extremists",2019,4,12,3
"Joint Meeting Parties (JMP)",2011,1,4,4
"Jund al-Khilafah (Tunisia)",2018,1,2,2
"Jund al-Khilafah (Tunisia)",2019,1,1,1
"Jund al-Sahabah Group",2006,1,31,31
"Jund al-Sham for Tawhid and Jihad",2008,1,1,1
"Jundallah (Iran)",2008,2,3,1.5
"Jundallah (Iran)",2009,1,35,35
"Jundallah (Iran)",2010,2,70,35
"Jundallah (Pakistan)",2010,2,25,12.5
"Jundallah (Pakistan)",2012,1,2,2
"Jundallah (Pakistan)",2013,2,89,44.5
"Jundallah (Pakistan)",2014,2,10,5
"Jundallah (Pakistan)",2015,3,89,29.7
"Just Punishment Brigades",2007,1,1,1
"Justice and Equality Movement (JEM)",2008,2,149,74.5
"Kach",2005,1,5,5
"Kamtapur Liberation Organization (KLO)",2000,1,2,2
"Kamtapur Liberation Organization (KLO)",2009,1,2,2
"Kamtapur Liberation Organization (KLO)",2013,1,5,5
"Kamwina Nsapu Militia",2016,1,24,24
"Kanglei Yawol Kanna Lup (KYKL)",2001,1,3,3
"Kanglei Yawol Kanna Lup (KYKL)",2008,1,2,2
"Kanglei Yawol Kanna Lup (KYKL)",2009,2,6,3
"Kangleipak Communist Party (KCP)",2009,1,1,1
"Kangleipak Communist Party (KCP)",2011,3,5,1.7
"Kara clan",2009,1,7,7
"Karabulak Gang",2010,1,2,2
"Karamojong Warriors",2008,2,2,1
"Karbi Longri North Cachar Liberation Front (KLNLF)",2008,2,6,3
"Karbi Longri North Cachar Liberation Front (KLNLF)",2009,3,4,1.3
"Karbi People's Liberation Tigers (KPLT)",2011,5,7,1.4
"Karbi Tribe",2005,1,1,1
"Karen National Union",2002,2,11,5.5
"Karen National Union",2008,1,2,2
"Karen National Union",2009,2,11,5.5
"Karen National Union",2010,1,1,1
"Karen National Union",2013,1,2,2
"Kata'ib al-Khoul",2008,1,1,1
"Kata'ib Hezbollah",2008,1,2,2
"Kata'ib Hezbollah",2016,1,49,49
"Kata'ib Hezbollah",2019,1,1,1
"Khorasan Chapter of the Islamic State",2015,3,53,17.7
"Khorasan Chapter of the Islamic State",2016,6,198,33
"Khorasan Chapter of the Islamic State",2017,12,240,20
"Khorasan Chapter of the Islamic State",2018,21,438,20.9
"Khorasan Chapter of the Islamic State",2019,5,24,4.8
"Khorasan jihadi group",2011,2,3,1.5
"Kokang",2009,1,34,34
"Kosovo Liberation Army (KLA)",1999,1,1,1
"Ku Klux Klan",1973,1,1,1
"Kuki National Army (KNA)",2007,1,6,6
"Kuki Revolutionary Army (KRA)",2003,1,5,5
"Kurdish Separatists",2006,1,3,3
"Kurdistan Free Life Party",2009,1,20,20
"Kurdistan Free Life Party",2010,4,20,5
"Kurdistan Free Life Party",2011,2,5,2.5
"Kurdistan Freedom Hawks (TAK)",2016,2,37,18.5
"Kurdistan Workers' Party (PKK)",1998,1,1,1
"Kurdistan Workers' Party (PKK)",1999,1,1,1
"Kurdistan Workers' Party (PKK)",2001,1,7,7
"Kurdistan Workers' Party (PKK)",2003,1,4,4
"Kurdistan Workers' Party (PKK)",2004,5,14,2.8
"Kurdistan Workers' Party (PKK)",2005,4,9,2.2
"Kurdistan Workers' Party (PKK)",2007,3,15,5
"Kurdistan Workers' Party (PKK)",2008,6,30,5
"Kurdistan Workers' Party (PKK)",2009,2,5,2.5
"Kurdistan Workers' Party (PKK)",2010,4,13,3.2
"Kurdistan Workers' Party (PKK)",2011,9,24,2.7
"Kurdistan Workers' Party (PKK)",2012,3,6,2
"Kurdistan Workers' Party (PKK)",2014,1,2,2
"Kurdistan Workers' Party (PKK)",2015,2,5,2.5
"Kurdistan Workers' Party (PKK)",2016,3,35,11.7
"Kurdistan Workers' Party (PKK)",2017,2,4,2
"Kurdistan Workers' Party (PKK)",2019,2,8,4
"Lashkar-e-Balochistan",2012,1,4,4
"Lashkar-e-Islam (Pakistan)",2009,3,12,4
"Lashkar-e-Islam (Pakistan)",2010,5,12,2.4
"Lashkar-e-Islam (Pakistan)",2011,6,16,2.7
"Lashkar-e-Islam (Pakistan)",2012,2,11,5.5
"Lashkar-e-Islam (Pakistan)",2013,2,26,13
"Lashkar-e-Islam (Pakistan)",2014,2,12,6
"Lashkar-e-Islam (Pakistan)",2016,2,17,8.5
"Lashkar-e-Jhangvi",2000,1,1,1
"Lashkar-e-Jhangvi",2001,1,2,2
"Lashkar-e-Jhangvi",2003,3,73,24.3
"Lashkar-e-Jhangvi",2006,1,57,57
"Lashkar-e-Jhangvi",2008,1,61,61
"Lashkar-e-Jhangvi",2009,1,25,25
"Lashkar-e-Jhangvi",2010,2,52,26
"Lashkar-e-Jhangvi",2011,8,122,15.2
"Lashkar-e-Jhangvi",2012,5,14,2.8
"Lashkar-e-Jhangvi",2013,6,190,31.7
"Lashkar-e-Jhangvi",2014,3,33,11
"Lashkar-e-Jhangvi",2015,3,6,2
"Lashkar-e-Jhangvi",2016,5,11,2.2
"Lashkar-e-Jhangvi",2017,2,27,13.5
"Lashkar-e-Jhangvi",2019,1,21,21
"Lashkar-e-Omar",2001,1,16,16
"Lashkar-e-Taiba (LeT)",1999,2,9,4.5
"Lashkar-e-Taiba (LeT)",2000,3,16,5.3
"Lashkar-e-Taiba (LeT)",2001,7,35,5
"Lashkar-e-Taiba (LeT)",2002,4,60,15
"Lashkar-e-Taiba (LeT)",2003,2,3,1.5
"Lashkar-e-Taiba (LeT)",2004,1,3,3
"Lashkar-e-Taiba (LeT)",2005,2,9,4.5
"Lashkar-e-Taiba (LeT)",2006,3,193,64.3
"Lashkar-e-Taiba (LeT)",2007,1,3,3
"Lashkar-e-Taiba (LeT)",2008,3,6,2
"Lashkar-e-Taiba (LeT)",2009,2,11,5.5
"Lashkar-e-Taiba (LeT)",2011,2,3,1.5
"Lashkar-e-Taiba (LeT)",2016,2,11,5.5
"Lashkar-e-Taiba (LeT)",2017,3,3,1
"Lashkar-e-Taiba (LeT)",2018,1,2,2
"Laskar Jihad",2001,6,10,1.7
"Laskar Jihad",2002,1,2,2
"Left-Wing Militants",1971,2,2,1
"Left-Wing Militants",1972,1,2,2
"Liberation and Justice Movement (LJM)",2011,1,2,2
"Liberation Tigers of Tamil Eelam (LTTE)",1988,5,61,12.2
"Liberation Tigers of Tamil Eelam (LTTE)",1990,2,11,5.5
"Liberation Tigers of Tamil Eelam (LTTE)",1991,4,36,9
"Liberation Tigers of Tamil Eelam (LTTE)",1992,2,29,14.5
"Liberation Tigers of Tamil Eelam (LTTE)",1995,2,37,18.5
"Liberation Tigers of Tamil Eelam (LTTE)",1996,1,12,12
"Liberation Tigers of Tamil Eelam (LTTE)",1997,4,198,49.5
"Liberation Tigers of Tamil Eelam (LTTE)",1998,3,59,19.7
"Liberation Tigers of Tamil Eelam (LTTE)",1999,8,97,12.1
"Liberation Tigers of Tamil Eelam (LTTE)",2000,18,158,8.8
"Liberation Tigers of Tamil Eelam (LTTE)",2001,6,38,6.3
"Liberation Tigers of Tamil Eelam (LTTE)",2004,8,10,1.2
"Liberation Tigers of Tamil Eelam (LTTE)",2005,12,20,1.7
"Liberation Tigers of Tamil Eelam (LTTE)",2006,36,235,6.5
"Liberation Tigers of Tamil Eelam (LTTE)",2007,25,150,6
"Liberation Tigers of Tamil Eelam (LTTE)",2008,38,206,5.4
"Liberation Tigers of Tamil Eelam (LTTE)",2009,21,144,6.9
"Liberians United for Reconciliation and Democracy (LURD)",2001,1,1,1
"Liberians United for Reconciliation and Democracy (LURD)",2002,1,3,3
"Liberians United for Reconciliation and Democracy (LURD)",2003,1,2,2
"Liwa Ahrar al-Sunna",2014,2,5,2.5
"Lord's Resistance Army (LRA)",2000,1,8,8
"Lord's Resistance Army (LRA)",2001,2,9,4.5
"Lord's Resistance Army (LRA)",2002,13,608,46.8
"Lord's Resistance Army (LRA)",2003,6,52,8.7
"Lord's Resistance Army (LRA)",2004,3,94,31.3
"Lord's Resistance Army (LRA)",2008,11,318,28.9
"Lord's Resistance Army (LRA)",2009,27,670,24.8
"Lord's Resistance Army (LRA)",2010,12,124,10.3
"Lord's Resistance Army (LRA)",2011,6,20,3.3
"M23",2013,1,4,4
"Macheteros",1982,1,1,1
"Macheteros",1983,1,1,1
"Madhesh Rastra Janatantrik Revolutionary (RJR) - Nepal",2009,2,3,1.5
"Madhesi Mukti Tigers (MMT)",2010,1,1,1
"Madhesi People's Rights Forum (MPRF)",2007,1,2,2
"Madhesi People's Rights Forum (MPRF)",2008,1,3,3
"Mahaz Fedai Tahrik Islami Afghanistan",2012,1,1,1
"Mahaz Fedai Tahrik Islami Afghanistan",2013,1,1,1
"Mahaz Fedai Tahrik Islami Afghanistan",2014,1,1,1
"Mahdaviyat",1999,1,1,1
"Mahdi Army",2008,3,23,7.7
"Mahdi Army",2009,2,8,4
"Mai Mai Mazembe Militia",2016,1,13,13
"Mai Mai Yakutumba Militia",2018,1,1,1
"Maoist Communist Center (MCC)",1999,1,12,12
"Maoist Communist Center (MCC)",2000,1,9,9
"Maoist Communist Center (MCC)",2001,1,13,13
"Maoist Communist Center (MCC)",2002,1,3,3
"Maoist Communist Center (MCC)",2003,1,5,5
"Maoists",1999,3,10,3.3
"Maoists",2000,1,14,14
"Maoists",2001,4,40,10
"Maoists",2002,7,19,2.7
"Maoists",2004,6,51,8.5
"Maoists",2005,3,42,14
"Maoists",2006,4,13,3.2
"Maoists",2008,4,11,2.8
"Maoists",2011,6,8,1.3
"Maoists",2012,5,5,1
"Maoists",2013,5,5,1
"Maoists",2014,3,3,1
"Maoists",2015,3,3,1
"Maoists",2016,6,7,1.2
"Maoists",2017,10,10,1
"Maoists",2018,6,10,1.7
"Maoists",2019,9,12,1.3
"Maute Group",2016,1,3,3
"Maute Group",2017,4,11,2.8
"May 19 Communist Order",1981,1,1,1
"Mayi Mayi",2003,1,7,7
"Mayi Mayi",2008,1,2,2
"Mayi Mayi",2009,1,19,19
"Mayi Mayi",2010,1,5,5
"Mayi Mayi",2011,2,10,5
"Mayi Mayi",2019,1,1,1
"Merille Militia",2010,2,4,2
"Militant Organization of Russian Nationalists",2008,1,1,1
"Militant People's Revolutionary Forces",2013,1,2,2
"Militants",2001,4,23,5.8
"Militants",2008,1,1,1
"Militants",2009,2,5,2.5
"Militants",2011,13,25,1.9
"Military Council of the Tribal Revolutionaries (MCTR)",2014,1,45,45
"Militia Members",2000,2,17,8.5
"Militia Members",2001,1,10,10
"Militia Members",2011,3,9,3
"Minutemen American Defense",2009,1,2,2
"Miscreants",2002,1,1,1
"Misseriya Arab Tribesmen",2011,1,10,10
"Mombasa Republican Council (MRC)",2013,2,15,7.5
"Mongolian Mukti Morcha",2009,1,1,1
"Moro Islamic Liberation Front (MILF)",1999,1,1,1
"Moro Islamic Liberation Front (MILF)",2000,13,62,4.8
"Moro Islamic Liberation Front (MILF)",2001,1,2,2
"Moro Islamic Liberation Front (MILF)",2002,3,16,5.3
"Moro Islamic Liberation Front (MILF)",2003,9,60,6.7
"Moro Islamic Liberation Front (MILF)",2004,3,19,6.3
"Moro Islamic Liberation Front (MILF)",2008,23,106,4.6
"Moro Islamic Liberation Front (MILF)",2009,9,21,2.3
"Moro Islamic Liberation Front (MILF)",2010,1,1,1
"Moro Islamic Liberation Front (MILF)",2011,4,16,4
"Moro National Liberation Front (MNLF)",2001,1,52,52
"Moro National Liberation Front (MNLF)",2013,1,1,1
"Moroccan extremists",2004,1,1,1
"Mouhajiroune Brigade",2010,1,2,2
"Movement for Oneness and Jihad in West Africa (MUJAO)",2012,2,4,2
"Movement for Oneness and Jihad in West Africa (MUJAO)",2013,2,3,1.5
"Movement for the Emancipation of the Niger Delta (MEND)",2006,2,8,4
"Movement for the Emancipation of the Niger Delta (MEND)",2008,2,12,6
"Movement for the Emancipation of the Niger Delta (MEND)",2009,3,9,3
"Movement for the Emancipation of the Niger Delta (MEND)",2010,3,14,4.7
"Movement for the Emancipation of the Niger Delta (MEND)",2013,2,17,8.5
"Movement of Democratic Forces of Casamance",2000,1,2,2
"Movement of Democratic Forces of Casamance",2001,1,13,13
"Movement of Democratic Forces of Casamance",2002,1,5,5
"Movement of Democratic Forces of Casamance",2008,1,1,1
"Movement of Democratic Forces of Casamance",2009,1,2,2
"Movement of Democratic Forces of Casamance",2010,1,3,3
"Movement of Democratic Forces of Casamance",2011,1,3,3
"Movement of Niger People for Justice (MNJ)",2008,1,3,3
"Mozambique National Resistance Movement (MNR)",2016,1,2,2
"Mujahedeen Corps in Iraq",2009,1,2,2
"Mujahedeen Group",2004,1,8,8
"Mujahedeen Shura Council",2006,1,2,2
"Mujahedeen Shura Council in the Environs of Jerusalem",2012,1,3,3
"Mujahedin-e Khalq (MEK)",2000,1,3,3
"Mujahideen Ansar",2013,7,95,13.6
"Mujahideen Ansar",2014,5,21,4.2
"Mujahidin Indonesia Timur (MIT)",2013,1,1,1
"Mujahidin Indonesia Timur (MIT)",2014,1,1,1
"Mukhtar Army",2013,2,6,3
"Mukhtar Army",2015,1,23,23
"Muslim Brotherhood",2013,1,1,1
"Muslim extremists",1999,1,2,2
"Muslim extremists",2000,3,9,3
"Muslim extremists",2001,1,1,1
"Muslim extremists",2002,4,51,12.8
"Muslim extremists",2003,5,8,1.6
"Muslim extremists",2004,1,1,1
"Muslim extremists",2008,2,7,3.5
"Muslim extremists",2011,1,8,8
"Muslim extremists",2012,9,30,3.3
"Muslim extremists",2013,14,36,2.6
"Muslim extremists",2014,3,6,2
"Muslim extremists",2015,3,3,1
"Muslim extremists",2016,2,2,1
"Muslim extremists",2017,9,15,1.7
"Muslim extremists",2019,1,1,1
"Muslim Fundamentalists",2001,1,7,7
"Muslim Militants",2000,3,16,5.3
"Muslim Militants",2001,1,4,4
"Muslim Militants",2002,6,27,4.5
"Muslim Militants",2005,1,1,1
"Muslim Rebels",1997,2,39,19.5
"Muslim Rebels",2000,3,19,6.3
"Muslim Rebels",2002,2,13,6.5
"Muslim Rebels",2003,1,5,5
"Muslim Separatists",2008,1,1,1
"Muslim Separatists",2009,11,15,1.4
"Muslim Separatists",2010,2,4,2
"Muslim Separatists",2011,1,1,1
"Muslims",2000,2,51,25.5
"Muttahida Qami Movement (MQM)",2001,1,2,2
"Muttahida Qami Movement (MQM)",2002,1,1,1
"Muttahida Qami Movement (MQM)",2013,1,3,3
"Naga National Council (NNC)",2011,1,1,1
"Naga People",2009,1,1,1
"Najd Province of the Islamic State",2015,1,28,28
"Najd Province of the Islamic State",2019,1,4,4
"National Alliance (Chad)",2008,1,1,1
"National Army for the Liberation of Uganda (NALU)",1999,1,1,1
"National Committee for the Restoration of Democracy and State (CNRDR)",2012,1,1,1
"National Council for Defense of Democracy (NCDD)",2003,1,2,2
"National Democratic Alliance (NDA)",2016,1,2,2
"National Democratic Front of Bodoland (NDFB)",2000,1,2,2
"National Democratic Front of Bodoland (NDFB)",2001,2,9,4.5
"National Democratic Front of Bodoland (NDFB)",2004,1,10,10
"National Democratic Front of Bodoland (NDFB)",2006,1,6,6
"National Democratic Front of Bodoland (NDFB)",2009,13,35,2.7
"National Democratic Front of Bodoland (NDFB)",2010,10,28,2.8
"National Democratic Front of Bodoland (NDFB)",2011,3,12,4
"National Democratic Front of Bodoland (NDFB)",2013,1,1,1
"National Democratic Front of Bodoland (NDFB)",2014,7,59,8.4
"National Democratic Front-Bicol (NDF-Bicol)",2018,1,3,3
"National Liberation Army of Colombia (ELN)",1998,2,49,24.5
"National Liberation Army of Colombia (ELN)",2000,1,9,9
"National Liberation Army of Colombia (ELN)",2001,3,10,3.3
"National Liberation Army of Colombia (ELN)",2002,1,2,2
"National Liberation Army of Colombia (ELN)",2003,1,1,1
"National Liberation Army of Colombia (ELN)",2005,3,5,1.7
"National Liberation Army of Colombia (ELN)",2008,3,23,7.7
"National Liberation Army of Colombia (ELN)",2009,3,14,4.7
"National Liberation Army of Colombia (ELN)",2010,1,2,2
"National Liberation Army of Colombia (ELN)",2011,2,2,1
"National Liberation Army of Colombia (ELN)",2015,1,3,3
"National Liberation Army of Colombia (ELN)",2017,2,4,2
"National Liberation Front (FNL) (Burundi)",2008,2,26,13
"National Liberation Front (FNL) (Burundi)",2010,1,1,1
"National Liberation Front (FNL) (Burundi)",2013,1,2,2
"National Liberation Front of Tripura (NLFT)",1997,1,20,20
"National Liberation Front of Tripura (NLFT)",1998,1,7,7
"National Liberation Front of Tripura (NLFT)",2000,3,35,11.7
"National Liberation Front of Tripura (NLFT)",2001,3,23,7.7
"National Liberation Front of Tripura (NLFT)",2008,1,1,1
"National Liberation Front of Tripura (NLFT)",2009,2,9,4.5
"National Liberation Front of Tripura (NLFT)",2010,1,2,2
"National Liberation Front of Tripura (NLFT)",2011,1,1,1
"National Socialist Council of Nagaland",1999,1,2,2
"National Socialist Council of Nagaland-Isak-Muivah (NSCN-IM)",2000,1,10,10
"National Socialist Council of Nagaland-Isak-Muivah (NSCN-IM)",2008,12,27,2.2
"National Socialist Council of Nagaland-Isak-Muivah (NSCN-IM)",2009,2,2,1
"National Socialist Council of Nagaland-Isak-Muivah (NSCN-IM)",2010,1,1,1
"National Socialist Council of Nagaland-Isak-Muivah (NSCN-IM)",2011,3,14,4.7
"National Socialist Council of Nagaland-Isak-Muivah (NSCN-IM)",2012,1,5,5
"National Socialist Council of Nagaland-Isak-Muivah (NSCN-IM)",2015,1,1,1
"National Socialist Council of Nagaland-Isak-Muivah (NSCN-IM)",2019,1,11,11
"National Socialist Council of Nagaland-Khaplang (NSCN-K)",2008,5,6,1.2
"National Socialist Council of Nagaland-Khaplang (NSCN-K)",2011,1,1,1
"National Socialist Council of Nagaland-Khaplang (NSCN-K)",2015,1,1,1
"National Socialist Council of Nagaland-Khaplang (NSCN-K)",2017,1,1,1
"National Socialist Council of Nagaland-Unification (NSCN-U)",2018,1,1,1
"National Socialist Underground",2007,1,1,1
"National Union for the Total Independence of Angola (UNITA)",1999,1,12,12
"National Union for the Total Independence of Angola (UNITA)",2000,4,45,11.2
"National Union for the Total Independence of Angola (UNITA)",2001,8,181,22.6
"National Union for the Total Independence of Angola (UNITA)",2002,4,35,8.8
"Naxalites",2008,3,5,1.7
"Naxalites",2011,1,1,1
"Neo-Fascist extremists",2007,1,9,9
"Neo-Nazi extremists",1994,1,1,1
"Neo-Nazi extremists",1999,1,3,3
"Neo-Nazi extremists",2001,1,1,1
"Neo-Nazi extremists",2018,2,11,5.5
"Neo-Nazi extremists",2019,1,1,1
"Nepal Defense Army",2009,1,3,3
"New People's Army (NPA)",1999,1,1,1
"New People's Army (NPA)",2000,4,15,3.8
"New People's Army (NPA)",2001,3,9,3
"New People's Army (NPA)",2003,2,6,3
"New People's Army (NPA)",2004,2,6,3
"New People's Army (NPA)",2005,2,6,3
"New People's Army (NPA)",2006,3,6,2
"New People's Army (NPA)",2007,1,1,1
"New People's Army (NPA)",2008,27,47,1.7
"New People's Army (NPA)",2009,18,43,2.4
"New People's Army (NPA)",2010,18,28,1.6
"New People's Army (NPA)",2011,21,36,1.7
"New People's Army (NPA)",2012,6,9,1.5
"New People's Army (NPA)",2013,11,21,1.9
"New People's Army (NPA)",2014,13,15,1.2
"New People's Army (NPA)",2015,19,27,1.4
"New People's Army (NPA)",2016,10,14,1.4
"New People's Army (NPA)",2017,22,34,1.5
"New People's Army (NPA)",2018,14,20,1.4
"New People's Army (NPA)",2019,9,16,1.8
"NVF",2009,2,10,5
"NVF",2011,1,1,1
"Ogaden National Liberation Front (ONLF)",2008,2,7,3.5
"Oglaigh na hEireann",2011,1,1,1
"Opponents of disabled people",2016,1,19,19
"Organization of Soldiers of the Levant",2005,1,2,2
"Oromo Liberation Front",2004,1,1,1
"Oromo Liberation Front",2008,1,6,6
"Oromo Liberation Front",2010,1,1,1
"Otpor",1978,1,1,1
"Pahadi Cheetah",2013,1,3,3
"Palestinian Extremists",2001,1,1,1
"Palestinian Extremists",2002,1,1,1
"Palestinian Extremists",2015,7,9,1.3
"Palestinian Extremists",2016,1,2,2
"Palestinian Extremists",2017,5,10,2
"Palestinian Islamic Jihad (PIJ)",2000,1,1,1
"Palestinian Islamic Jihad (PIJ)",2001,6,16,2.7
"Palestinian Islamic Jihad (PIJ)",2002,10,53,5.3
"Palestinian Islamic Jihad (PIJ)",2003,4,8,2
"Palestinian Islamic Jihad (PIJ)",2004,1,1,1
"Palestinian Islamic Jihad (PIJ)",2005,3,12,4
"Palestinian Islamic Jihad (PIJ)",2008,4,6,1.5
"Palestinian Islamic Jihad (PIJ)",2009,1,2,2
"Palestinian Islamic Jihad (PIJ)",2014,1,3,3
"Palestinian Islamic Jihad (PIJ)",2015,1,3,3
"Palestinian Islamic Jihad (PIJ)",2019,4,4,1
"Palestinians",2001,7,9,1.3
"Palestinians",2002,3,4,1.3
"Paraguayan People's Army (EPP)",2010,2,3,1.5
"Paraguayan People's Army (EPP)",2018,1,1,1
"Paramilitaries",2001,1,10,10
"Party for the Liberation of the Hutu People (PALIPEHUTU)",2000,1,2,2
"Party for the Liberation of the Hutu People (PALIPEHUTU)",2002,3,8,2.7
"Party for the Liberation of the Hutu People (PALIPEHUTU)",2003,1,2,2
"Party for the Liberation of the Hutu People (PALIPEHUTU)",2005,1,2,2
"Party for the Liberation of the Hutu People (PALIPEHUTU)",2008,1,2,2
"Pattani United Liberation Organization (PULO)",2005,1,2,2
"Peace at Home Council",2016,7,65,9.3
"People's Committee against Police Atrocities (PCPA)",2009,2,2,1
"People's Committee against Police Atrocities (PCPA)",2010,7,9,1.3
"People's Democratic Party (PDP)",2001,1,1,1
"People's Liberation Army (India)",2005,1,2,2
"People's Liberation Army (India)",2014,1,1,1
"People's Liberation Army (India)",2017,1,2,2
"People's Liberation Front of India",2010,3,5,1.7
"People's Liberation Front of India",2011,7,10,1.4
"People's Liberation Front of India",2013,1,2,2
"People's Liberation Front of India",2017,2,3,1.5
"People's Liberation Front of India",2019,1,1,1
"People's Revolutionary Party of Kangleipak (PREPAK)",2008,1,1,1
"People's Revolutionary Party of Kangleipak (PREPAK)",2012,1,1,1
"People's Tamil Organization",2006,1,3,3
"People's United Liberation Front (PULF)",2009,1,4,4
"People's United Liberation Front (PULF)",2010,1,1,1
"People's War Group (PWG)",2000,3,34,11.3
"People's War Group (PWG)",2001,4,22,5.5
"People's War Group (PWG)",2002,2,22,11
"People's War Group (PWG)",2003,2,9,4.5
"People's War Group (PWG)",2004,1,26,26
"Phalange",1975,1,22,22
"Pokot extremists",2003,1,30,30
"Popular Army for the Restoration of Democracy (APRD)",2007,1,1,1
"Popular Front for Justice in the Congo",2009,1,1,1
"Popular Front for the Liberation of Palestine (PFLP)",2001,1,1,1
"Popular Front for the Liberation of Palestine (PFLP)",2002,1,1,1
"Popular Front for the Liberation of Palestine (PFLP)",2003,1,4,4
"Popular Front for the Liberation of Palestine (PFLP)",2004,1,5,5
"Popular Front for the Liberation of Palestine (PFLP)",2014,1,7,7
"Popular Front for the Liberation of Palestine, Gen Cmd (PFLP-GC)",2013,1,11,11
"Popular Liberation Army (EPL)",2002,1,3,3
"Popular Liberation Army (EPL)",2005,1,1,1
"Popular Mobilization Forces (Iraq)",2019,1,24,24
"Popular Resistance Committees",2004,1,7,7
"Popular Resistance Committees",2005,1,1,1
"Popular Resistance Committees",2011,1,1,1
"Pro Hartal Activists",2015,5,5,1
"Pro-Indonesia extremists",1999,1,1,1
"Pro-Indonesia extremists",2003,1,4,4
"Pro-Russia Militia",2017,1,1,1
"Progressive Socialist Party (PSP)",2008,1,2,2
"Punjabi Taliban",2014,1,4,4
"Purbo Banglar Communist Party",2006,1,2,2
"Purbo Banglar Communist Party",2008,4,5,1.2
"Purbo Banglar Communist Party",2009,3,4,1.3
"Purbo Banglar Communist Party",2010,2,4,2
"Purbo Banglar Communist Party",2011,1,1,1
"Qaddafi loyalists",1980,1,1,1
"Qaddafi loyalists",1981,1,1,1
"Qaddafi loyalists",2016,1,1,1
"Qari Kamran Group",2012,1,1,1
"Ranbir Sena",2000,1,6,6
"Rashtriya Swayamsevak Sangh",2009,1,1,1
"Rashtriya Swayamsevak Sangh",2013,1,1,1
"Rastas",2000,1,2,2
"Rastas",2005,1,19,19
"Rastriya Janashakti Party (RJP)",2008,1,1,1
"Real Irish Republican Army (RIRA)",2002,1,1,1
"Real Irish Republican Army (RIRA)",2009,1,2,2
"Real Irish Republican Army (RIRA)",2011,1,1,1
"Rebel Military Unit",2000,1,7,7
"Rebellious Group Lambros Foundas",2010,1,1,1
"Rebels",2000,4,34,8.5
"Rebels",2001,1,1,1
"Rebels",2002,3,26,8.7
"Rebels",2003,1,1,1
"Rebels",2008,1,160,160
"Rebels",2009,1,14,14
"Red Brigades Fighting Communist Union (BR-UCC)",2002,1,1,1
"Red Hand Defenders (RHD)",1999,1,1,1
"Red Hand Defenders (RHD)",2001,2,2,1
"Red Hand Defenders (RHD)",2002,1,1,1
"Red Sea Afar Democratic Organization (RSADO)",2010,1,17,17
"Republic of New Afrika",1972,1,2,2
"Republic of New Afrika",1973,1,8,8
"Resistance to the Rule of Law in Burundi (Red-Tabara)",2018,1,26,26
"Revolution's Brigade",2017,1,2,2
"Revolutionary Armed Forces of Colombia (FARC)",1998,2,82,41
"Revolutionary Armed Forces of Colombia (FARC)",1999,3,70,23.3
"Revolutionary Armed Forces of Colombia (FARC)",2000,9,73,8.1
"Revolutionary Armed Forces of Colombia (FARC)",2001,16,104,6.5
"Revolutionary Armed Forces of Colombia (FARC)",2002,20,201,10.1
"Revolutionary Armed Forces of Colombia (FARC)",2003,5,46,9.2
"Revolutionary Armed Forces of Colombia (FARC)",2004,3,6,2
"Revolutionary Armed Forces of Colombia (FARC)",2005,9,49,5.4
"Revolutionary Armed Forces of Colombia (FARC)",2006,3,9,3
"Revolutionary Armed Forces of Colombia (FARC)",2007,3,9,3
"Revolutionary Armed Forces of Colombia (FARC)",2008,17,32,1.9
"Revolutionary Armed Forces of Colombia (FARC)",2009,32,95,3
"Revolutionary Armed Forces of Colombia (FARC)",2010,15,53,3.5
"Revolutionary Armed Forces of Colombia (FARC)",2011,20,36,1.8
"Revolutionary Armed Forces of Colombia (FARC)",2012,3,23,7.7
"Revolutionary Armed Forces of Colombia (FARC)",2013,4,25,6.2
"Revolutionary Armed Forces of Colombia (FARC)",2014,2,3,1.5
"Revolutionary Armed Forces of Colombia (FARC)",2015,1,13,13
"Revolutionary Armed Forces of Colombia (FARC) dissidents",2018,2,4,2
"Revolutionary Armed Forces of Colombia (FARC) dissidents",2019,3,11,3.7
"Revolutionary Headquarters (Turkey)",2009,1,3,3
"Revolutionary Struggle",2010,1,1,1
"Revolutionary United Front (RUF)",2000,4,31,7.8
"Right-Wing Death Squad",1999,1,20,20
"Right-Wing Death Squad",2000,1,28,28
"Right-wing extremists",2011,2,77,38.5
"Right-Wing Paramilitaries",2001,2,30,15
"Right-Wing Paramilitaries",2012,1,2,2
"Riyadus-Salikhin Reconnaissance and Sabotage Battalion of Chechen Martyrs",2004,2,345,172.5
"Riyadus-Salikhin Reconnaissance and Sabotage Battalion of Chechen Martyrs",2009,2,29,14.5
"Riyadus-Salikhin Reconnaissance and Sabotage Battalion of Chechen Martyrs",2010,1,18,18
"Rohingya extremists",2016,1,1,1
"Rohingya extremists",2017,1,5,5
"Runda Kumpulan Kecil (RKK)",2008,1,4,4
"Runda Kumpulan Kecil (RKK)",2010,2,5,2.5
"Runda Kumpulan Kecil (RKK)",2011,3,4,1.3
"Runda Kumpulan Kecil (RKK)",2012,2,6,3
"Runda Kumpulan Kecil (RKK)",2013,2,3,1.5
"Runda Kumpulan Kecil (RKK)",2014,1,3,3
"Runda Kumpulan Kecil (RKK)",2016,6,8,1.3
"Salafi Daawa Group",2004,1,1,1
"Salafist Group for Preaching and Fighting (GSPC)",2000,7,30,4.3
"Salafist Group for Preaching and Fighting (GSPC)",2001,3,26,8.7
"Salafist Group for Preaching and Fighting (GSPC)",2002,8,58,7.2
"Salafist Group for Preaching and Fighting (GSPC)",2003,9,62,6.9
"Salafist Group for Preaching and Fighting (GSPC)",2004,18,52,2.9
"Salafist Group for Preaching and Fighting (GSPC)",2005,22,105,4.8
"Salafist Group for Preaching and Fighting (GSPC)",2006,21,60,2.9
"Samyukta Janatantrik Terai Mukti Morcha (SJTMM)",2008,1,1,1
"Samyukta Janatantrik Terai Mukti Morcha (SJTMM)",2010,2,2,1
"Samyukta Jatiya Mukti Morcha (SJMM)",2012,2,8,4
"Sanaa Province of the Islamic State",2015,2,32,16
"Saraya Waad Allah",2017,1,1,1
"Sasna Tsrer",2016,1,6,6
"Sect of Revolutionaries (Greece)",2009,1,1,1
"Sect of Revolutionaries (Greece)",2010,1,1,1
"Separatists",2000,1,8,8
"Separatists",2011,2,2,1
"Separatists",2012,7,30,4.3
"Separatists",2013,4,9,2.2
"Separatists",2014,3,8,2.7
"Separatists",2016,2,2,1
"Separatists",2017,1,4,4
"Separatists",2018,3,34,11.3
"Shan State Army - South (SSA-S)",2008,1,8,8
"Shining Path (SL)",2000,1,1,1
"Shining Path (SL)",2002,1,9,9
"Shining Path (SL)",2003,1,7,7
"Shining Path (SL)",2007,1,4,4
"Shining Path (SL)",2009,3,19,6.3
"Sinai Province of the Islamic State",2015,4,37,9.2
"Sinai Province of the Islamic State",2017,5,407,81.4
"Sinai Province of the Islamic State",2019,2,9,4.5
"Sindhu Desh Liberation Army (SDLA)",2016,1,1,1
"Sindhudesh Revolutionary Army (SRA)",2018,1,1,1
"Sipah-e-Sahaba/Pakistan (SSP)",2001,1,6,6
"Sipah-I-Mohammed",2004,1,41,41
"Skinheads",2006,2,3,1.5
"Soldiers of the Caliphate",2011,1,1,1
"Somali Islamic Front",2009,1,1,1
"South Moluccans",1975,1,3,3
"South Moluccans",1977,1,8,8
"South Ossetian Separatists",2008,1,1,1
"South Sudan Liberation Army (SSLA)",2011,1,20,20
"Southern Mobility Movement (Yemen)",2010,5,9,1.8
"Southern Mobility Movement (Yemen)",2012,1,1,1
"Southern Mobility Movement (Yemen)",2014,1,13,13
"Southern Resistance Forces (SRF)",2018,1,1,1
"Southern Resistance Forces (SRF)",2019,1,1,1
"Southern Yemen Separatists",2010,1,2,2
"Sovereign Citizen",2014,1,1,1
"Special Purpose Islamic Regiment (SPIR)",2001,1,14,14
"Special Purpose Islamic Regiment (SPIR)",2002,1,170,170
"Students Islamic Movement of India (SIMI)",2003,2,63,31.5
"Students Islamic Movement of India (SIMI)",2014,1,1,1
"Sudan Liberation Army-Minni Minawi (SLA-MM)",2013,1,8,8
"Sudan Liberation Movement",2009,1,13,13
"Sudan People's Liberation Army (SPLA)",2009,2,18,9
"Sudan People's Liberation Army (SPLA)",2010,2,14,7
"Sudan People's Liberation Army (SPLA)",2011,3,28,9.3
"Sudan People's Liberation Movement - North",2012,2,4,2
"Sudan People's Liberation Movement - North",2013,5,62,12.4
"Sudan People's Liberation Movement - North",2014,1,2,2
"Sudan People's Liberation Movement - North",2015,3,6,2
"Sudanese People's Front",2014,1,5,5
"Sunni Muslim extremists",2005,2,24,12
"Sunni Muslim extremists",2007,3,54,18
"Sunni Muslim extremists",2009,1,1,1
"Sunni Muslim extremists",2012,1,1,1
"Sunni Supporters",2006,1,77,77
"Sword of Islam",1999,1,1,1
"Syrian Social Nationalist Party",1985,1,2,2
"Ta'ang National Liberation Army (TNLA)",2018,1,19,19
"Ta'ang National Liberation Army (TNLA)",2019,3,9,3
"Taliban",2001,1,150,150
"Taliban",2003,5,7,1.4
"Taliban",2004,6,25,4.2
"Taliban",2005,20,60,3
"Taliban",2006,22,58,2.6
"Taliban",2007,25,115,4.6
"Taliban",2008,115,436,3.8
"Taliban",2009,165,640,3.9
"Taliban",2010,151,673,4.5
"Taliban",2011,140,740,5.3
"Taliban",2012,22,162,7.4
"Taliban",2013,21,195,9.3
"Taliban",2014,28,128,4.6
"Taliban",2015,10,68,6.8
"Taliban",2016,7,172,24.6
"Taliban",2017,5,282,56.4
"Taliban",2018,11,500,45.5
"Taliban",2019,19,121,6.4
"Taliban (Pakistan)",2004,1,11,11
"Taliban (Pakistan)",2005,1,2,2
"Taliban (Pakistan)",2007,3,20,6.7
"Tamil Makkal Viduthalai Pulikal (TMVP)",2008,1,3,3
"Tamils",2000,1,63,63
"Tawhid and Jihad",2002,1,1,1
"Tawhid and Jihad",2003,1,1,1
"Tawhid and Jihad",2004,23,545,23.7
"Tawhid and Jihad (Palestine)",2011,1,1,1
"Tehrik-e-Galba Islam",2009,1,1,1
"Tehrik-e-Galba Islam",2010,1,1,1
"Tehrik-e-Khilafat",2014,1,1,1
"Tehrik-e-Nafaz-e-Shariat-e-Mohammadi (TNSM)",2007,1,2,2
"Tehrik-e-Nafaz-e-Shariat-e-Mohammadi (TNSM)",2008,1,1,1
"Tehrik-i-Taliban Pakistan (TTP)",2008,45,295,6.6
"Tehrik-i-Taliban Pakistan (TTP)",2009,76,654,8.6
"Tehrik-i-Taliban Pakistan (TTP)",2010,74,842,11.4
"Tehrik-i-Taliban Pakistan (TTP)",2011,71,651,9.2
"Tehrik-i-Taliban Pakistan (TTP)",2012,33,296,9
"Tehrik-i-Taliban Pakistan (TTP)",2013,38,345,9.1
"Tehrik-i-Taliban Pakistan (TTP)",2014,23,256,11.1
"Tehrik-i-Taliban Pakistan (TTP)",2015,8,71,8.9
"Tehrik-i-Taliban Pakistan (TTP)",2016,7,111,15.9
"Tehrik-i-Taliban Pakistan (TTP)",2017,6,38,6.3
"Tehrik-i-Taliban Pakistan (TTP)",2018,6,58,9.7
"Tehrik-i-Taliban Pakistan (TTP)",2019,4,37,9.2
"Terai Army",2008,1,2,2
"Terai Army",2009,1,1,1
"Terai Cobra",2008,1,1,1
"Terai Janatantrik Madhes Party",2010,1,1,1
"Terai Madheshi Mukti Morcha (TMMM)",2010,1,1,1
"Thai Islamic Militants",2005,9,9,1
"The Independent Military Wing of the Syrian Revolution Abroad",2016,1,2,2
"The Order (Silent Brotherhood)",1984,1,1,1
"The United Revolutionary Front of Bhutan",2008,1,4,4
"Tibetan separatists",2009,1,1,1
"Tontons Macoutes",1991,2,2,1
"Tribal Group",2000,1,2,2
"Tribesmen",2000,1,3,3
"Tribesmen",2004,1,8,8
"Tribesmen",2016,2,6,3
"Tribesmen",2018,4,540,135
"Tripoli Province of the Islamic State",2015,5,17,3.4
"Tripoli Province of the Islamic State",2016,3,12,4
"Tripoli Province of the Islamic State",2017,1,7,7
"Tripoli Province of the Islamic State",2018,1,15,15
"Tritiya Prastuti Committee (TPC)",2009,1,1,1
"Tritiya Prastuti Committee (TPC)",2010,1,1,1
"Tritiya Prastuti Committee (TPC)",2011,1,1,1
"Tuareg extremists",2008,2,15,7.5
"Turkestan Islamic Party",2008,2,3,1.5
"Turkestan Islamic Party",2013,1,5,5
"Turkestan Islamic Party",2014,2,96,48
"Turkestan Islamic Party",2016,1,1,1
"Turkish Communist Party/Marxist (TKP-ML)",1998,1,2,2
"Turkish Communist Party/Marxist (TKP-ML)",1999,1,4,4
"Turkish Hezbollah",2000,1,1,1
"Tutsi extremists",2001,1,3,3
"Twa Militia",2018,1,1,1
"U/I Snipers",2002,1,10,10
"Uighur Separatists",2011,2,19,9.5
"Uighur Separatists",2012,1,22,22
"Uighur Separatists",2014,2,47,23.5
"Uighur Separatists",2015,3,62,20.7
"Ukrainian nationalists",2015,1,3,3
"United Achik Liberation Army (UALA)",2013,2,15,7.5
"United Baloch Army (UBA)",2013,1,6,6
"United Baloch Army (UBA)",2014,3,28,9.3
"United Baloch Army (UBA)",2015,2,26,13
"United Democratic Liberation Army (UDLA)",2010,1,2,2
"United Democratic Liberation Army (UDLA)",2011,1,1,1
"United Front for Democracy Against Dictatorship",2015,1,20,20
"United Jihad Council",2016,1,12,12
"United Kuki Liberation Front (UKLF) - India",2010,1,1,1
"United Liberation Front of Assam (ULFA)",1999,3,25,8.3
"United Liberation Front of Assam (ULFA)",2000,1,6,6
"United Liberation Front of Assam (ULFA)",2002,1,4,4
"United Liberation Front of Assam (ULFA)",2003,1,8,8
"United Liberation Front of Assam (ULFA)",2004,2,15,7.5
"United Liberation Front of Assam (ULFA)",2005,1,1,1
"United Liberation Front of Assam (ULFA)",2006,2,8,4
"United Liberation Front of Assam (ULFA)",2007,9,18,2
"United Liberation Front of Assam (ULFA)",2008,13,97,7.5
"United Liberation Front of Assam (ULFA)",2009,16,39,2.4
"United Liberation Front of Assam (ULFA)",2011,1,1,1
"United Liberation Front of Assam (ULFA)",2012,1,1,1
"United Liberation Front of Assam (ULFA)",2017,2,3,1.5
"United National Liberation Front (UNLF)",2008,1,2,2
"United National Liberation Front (UNLF)",2009,2,3,1.5
"United National Liberation Front (UNLF)",2013,1,1,1
"United People's Democratic Solidarity (UPDS)",2001,1,8,8
"United People's Democratic Solidarity (UPDS)",2003,1,4,4
"United People's Democratic Solidarity (UPDS)",2006,1,1,1
"United Self Defense Units of Colombia (AUC)",2000,4,25,6.2
"United Self Defense Units of Colombia (AUC)",2001,12,104,8.7
"United Self Defense Units of Colombia (AUC)",2002,2,3,1.5
"United Self Defense Units of Colombia (AUC)",2008,5,8,1.6
"United Self Defense Units of Colombia (AUC)",2009,1,1,1
"Unknown",1972,1,1,1
"Unknown",1983,1,2,2
"Unknown",1986,1,1,1
"Unknown",1990,2,3,1.5
"Unknown",1991,1,23,23
"Unknown",1996,1,123,123
"Unknown",1997,1,23,23
"Unknown",1998,24,106,4.4
"Unknown",1999,39,247,6.3
"Unknown",2000,81,558,6.9
"Unknown",2001,102,293,2.9
"Unknown",2002,66,182,2.8
"Unknown",2003,63,210,3.3
"Unknown",2004,95,674,7.1
"Unknown",2005,147,758,5.2
"Unknown",2006,131,615,4.7
"Unknown",2007,277,1196,4.3
"Unknown",2008,1046,2973,2.8
"Unknown",2009,1183,3464,2.9
"Unknown",2010,1230,3173,2.6
"Unknown",2011,1396,3419,2.4
"Unknown",2012,90,303,3.4
"Unknown",2013,229,988,4.3
"Unknown",2014,69,213,3.1
"Unknown",2015,30,57,1.9
"Unknown",2016,48,119,2.5
"Unknown",2017,34,75,2.2
"Unknown",2018,29,56,1.9
"Unknown",2019,19,37,1.9
"Vietnamese Organization to Exterminate Communists and Restore the Nation",1982,1,1,1
"Vietnamese Organization to Exterminate Communists and Restore the Nation",1987,1,1,1
"Villagers",2001,1,3,3
"Wahhabi Movement",2010,1,1,1
"Wehrsportgruppe Hoffmann",1980,1,13,13
"White supremacists/nationalists",1970,3,3,1
"White supremacists/nationalists",1975,1,1,1
"White supremacists/nationalists",1977,1,1,1
"White supremacists/nationalists",1978,1,1,1
"White supremacists/nationalists",1979,3,4,1.3
"White supremacists/nationalists",1980,5,8,1.6
"White supremacists/nationalists",1985,1,1,1
"White supremacists/nationalists",1999,1,2,2
"White supremacists/nationalists",2000,4,5,1.2
"White supremacists/nationalists",2001,2,2,1
"White supremacists/nationalists",2014,2,3,1.5
"White supremacists/nationalists",2015,1,9,9
"White supremacists/nationalists",2017,3,5,1.7
"White supremacists/nationalists",2018,2,19,9.5
"White supremacists/nationalists",2019,4,29,7.2
"Wolves of Islam",1998,1,1,1
"Wrath of Olives",2018,1,9,9
"Wrath of Olives",2019,2,12,6
"Yakariya Bango Insurgent Group",2012,1,6,6
"Zebra killers",1973,9,9,1
"Zebra killers",1974,6,6,1
"Zeliangrong United Front",2011,1,7,7
"Zemun Clan",2003,1,1,1
